{"type": "block", "layer": 1, "block": 0, "features": [{"geom": {"polygons": [[[[-28.481135422895363, 0.8120920101391615], [-28.47868938154059, 0.8076261377926083], [-28.47243254952092, 0.8110728624203278], [-28.46479560529027, 0.7972950621507295], [-28.48569009137649, 0.7857849709028657], [-28.49325678623218, 0.7996014491315517], [-28.483610145188642, 0.8048201338326877], [-28.48609634634016, 0.809359199597838], [-28.481135422895363, 0.8120920101391615]]], [[[-28.48332259514912, 0.7713342978762567], [-28.483012281669396, 0.7707677039160623], [-28.481203246212157, 0.7717642458202681], [-28.481528089055985, 0.7723573058942235], [-28.478657394439388, 0.7739042337587989], [-28.478347081378185, 0.773337639136016], [-28.47653804379544, 0.774334179687015], [-28.47681426781002, 0.7748385437246652], [-28.473937103280644, 0.7763736271501532], [-28.473681875607447, 0.7759075708729065], [-28.471872835899205, 0.7769041100711777], [-28.472192009989573, 0.7774869190963981], [-28.46932697657456, 0.7790440950732508], [-28.469016584971207, 0.7784774993674142], [-28.467207543135526, 0.7794740372173142], [-28.467528712173117, 0.780060343691388], [-28.464661680038333, 0.7816140207492195], [-28.464351368236585, 0.781047424135764], [-28.46254232427733, 0.7820439606334217], [-28.46286580824279, 0.7826345596996998], [-28.459996457401786, 0.784183942692259], [-28.45968614602147, 0.7836173454167074], [-28.457877099936702, 0.7846138805616372], [-28.45819778910823, 0.7851993141549], [-28.45532076824513, 0.7867596256215158], [-28.455010457284303, 0.7861930276790255], [-28.453201409069205, 0.7871895614692986], [-28.44877428081787, 0.7791063435835611], [-28.450398672521892, 0.7782111738414799], [-28.449934844768208, 0.7773643380782728], [-28.453000189357525, 0.7757099064466982], [-28.453449807161324, 0.7765307522674788], [-28.455074515220346, 0.7756358191599867], [-28.454610527091173, 0.7747886664396076], [-28.457662932002815, 0.7731353870896556], [-28.458115104897075, 0.7739608415623507], [-28.459739731664037, 0.7730659074858659], [-28.45927574290658, 0.7722187557596091], [-28.462326068282906, 0.7705615795366854], [-28.462780317767322, 0.7713909276172471], [-28.464404942626253, 0.7704959923291608], [-28.463941032626504, 0.7696488413462025], [-28.466994069413992, 0.7679968292198797], [-28.46744552515804, 0.7688210101890873], [-28.46907022749009, 0.767926073438562], [-28.46860623747802, 0.7670789236952419], [-28.471662064335785, 0.7654318365719688], [-28.47211080644844, 0.7662510890255839], [-28.473735427490364, 0.7653561513109017], [-28.47327143685099, 0.7645090025588037], [-28.476319995058898, 0.7628485608052005], [-28.47677600287721, 0.7636811646269477], [-28.478400622010135, 0.7627862256982494], [-28.477936630742484, 0.7619390779373736], [-28.481081229165394, 0.760197768768013], [-28.48620167163635, 0.7697777883748602], [-28.48332259514912, 0.7713342978762567]]]], "centroids": [[-28.47927227674295, 0.7991482246488786, 0.1744306402654733], [-28.467376357375517, 0.7739798961656226, 0.16371412921719408]], "h": 0.1868138339544422}, "mtl": {"face": 0}}, {"geom": {"polygons": [[[[-29.47234689508106, 1.2426818992617221], [-29.448666485491003, 1.255408814003215], [-29.44159481662091, 1.2421457967990783], [-29.50769570125395, 1.20664804625937], [-29.514758063776213, 1.2197670063978943], [-29.491454477047252, 1.232235177862584], [-29.519520084556895, 1.2846536065932175], [-29.54698395682176, 1.269925743431776], [-29.55230649778568, 1.2799033704562477], [-29.505742354912694, 1.3050080651927312], [-29.47234689508106, 1.2426818992617221]]]], "centroids": [[-29.495348333854785, 1.2562497077533006, 0.14173791051354992]], "h": 0.15567819496203517}, "mtl": {"face": 0}}, {"geom": {"polygons": [[[[-29.66512323044198, 1.577381858076792], [-29.660382236645113, 1.5685452535101665], [-29.68060337077567, 1.557662158421027], [-29.674875630411545, 1.5469404418993777], [-29.660977416140206, 1.5544045121637466], [-29.65560071955362, 1.5443614439883675], [-29.679615018616946, 1.5314483830954588], [-29.695456614770055, 1.561060144690601], [-29.66512323044198, 1.577381858076792]]]], "centroids": [[-29.675801460090835, 1.5535906088599194, 0.14135116175070553]], "h": 0.1478942852139334}, "mtl": {"face": 0}}, {"geom": {"polygons": [[[[-29.73658750236472, 1.5914331878808554], [-29.731343703167745, 1.5816151818245763], [-29.792776453961523, 1.5485403716087236], [-29.813103840775835, 1.5866020224729787], [-29.76453118368201, 1.6127420800566246], [-29.758409174532225, 1.601263944038525], [-29.7978209977284, 1.5800734346363015], [-29.788838534167688, 1.5632671453818083], [-29.73658750236472, 1.5914331878808554]]]], "centroids": [[-29.77750628723903, 1.580053476908976, 0.12998225416518916]], "h": 0.15567819496203517},