{"type": "block", "layer": 2, "block": 0, "features": [{"geom": {"polygons": [[[[-22.1331805616771, 3.5219043924992], [-22.11788650397764, 3.505976485508798], [-22.12009015725552, 3.503710941845278], [-22.128881126389288, 3.5122743323895786], [-22.130718576491017, 3.510375750833224], [-22.128389626647376, 3.5081096789679935], [-22.138119589192684, 3.4980583721508816], [-22.138452048671642, 3.501092312350842], [-22.135090649622725, 3.5203640912276724], [-22.1331805616771, 3.5219043924992]]]], "centroids": [[-22.131004615046017, 3.510473375475986, 0.065998999442053]], "h": 0.4610703520195469}, "mtl": {"face": 0}, "prop": ["162093.000000000000000", "44.699681816050003", "149845", "219.289999999999992", "29", "30.699999999999999", "188.590000000000003", "Pitched", "1575.633000000000038", "148.740000000000009", "0.000000000000000", "208.629999999999995", "31.199999999999999", "49.810000000000002", "38.549999999999997"]}, {"geom": {"polygons": [[[[-22.119309278099646, 3.494799911355404], [-22.127285563057765, 3.4858028495904594], [-22.129620751274416, 3.4878857165549784], [-22.135092971588232, 3.481704234012678], [-22.136470528807344, 3.482968325375384], [-22.138119589192684, 3.4980583721508816], [-22.128389626647376, 3.5081096789679935], [-22.130718576491017, 3.510375750833224], [-22.128881126389288, 3.5122743323895786], [-22.12009015725552, 3.503710941845278], [-22.124373215554836, 3.4993074910800477], [-22.119309278099646, 3.494799911355404]]]], "centroids": [[-22.129423742410996, 3.496381356118727, 0.06507106727509884]], "h": 0.4656938278953098}, "mtl": {"face": 0}, "prop": ["162092.000000000000000", "44.699681816050003", "149845", "223.710000000000008", "38", "30.760000000000002", "192.949999999999989", "Pitched", "1575.633000000000038", "148.740000000000009", "0.000000000000000", "208.629999999999995", "31.199999999999999", "49.810000000000002", "38.549999999999997"]}, {"geom": {"polygons": [[[[-22.10591245916686, 3.493499750205602], [-22.126420873426955, 3.4737061987774593], [-22.128401942398334, 3.47553477831859], [-22.10864188385842, 3.496346581210008], [-22.10591245916686, 3.493499750205602]]]], "centroids": [[-22.11671443528605, 3.4854096361488502, 0.06469407571723809]], "h": 0.217392768403052}, "mtl": {"face": 0}, "prop": ["162060.000000000000000", "44.699681816050003", "149845", "48.750000000000000", "40", "31.000000000000000", "17.750000000000000", "Pitched", "1575.633000000000038", "148.740000000000009", "0.000000000000000", "208.629999999999995", "31.199999999999999", "49.810000000000002", "38.549999999999997"]}, {"geom": {"polygons": [[[[-22.138119589192684, 3.4980583721508816], [-22.136470528807344, 3.482968325375384], [-22.15154511114544, 3.496873454964676], [-22.146967008043354, 3.5010783023998493], [-22.138452048671642, 3.501092312350842], [-22.138119589192684, 3.4980583721508816]]]], "centroids": [[-22.142600037798772, 3.494411386535008, 0.06460541164517147]], "h": 0.20317048235046561}, "mtl": {"face": 0}, "prop": ["160583.000000000000000", "44.699681816050003", "149845", "42.579999999999998", "32", "31.010000000000002", "11.570000000000000", "Pitched", "1575.633000000000038", "148.740000000000009", "0.000000000000000", "208.629999999999995", "31.199999999999999", "49.810000000000002", "38.549999999999997"]}, {"geom": {"polygons": [[[[-22.10864188385842, 3.496346581210008], [-22.128401942398334, 3.47553477831859], [-22.135092971588232, 3.481704234012678], [-22.129620751274416, 3.4878857165549784], [-22.127285563057765, 3.4858028495904594], [-22.119309278099646, 3.494799911355404], [-22.124373215554836, 3.4993074910800477], [-22.12009015725552, 3.503710941845278], [-22.11788650397764, 3.505976485508798], [-22.10864188385842, 3.496346581210008]]]], "centroids": [[-22.121208074856742, 3.490625990507155, 0.06512440230733128]], "h": 0.4611334245013658}, "mtl": {"face": 0}, "prop": ["159327.000000000000000", "44.699681816050003", "149845", "219.349999999999994", "34", "30.859999999999999", "188.490000000000009", "Pitched", "1575.633000000000038", "148.740000000000009", "0.000000000000000", "208.629999999999995", "31.199999999999999", "49.810000000000002", "38.549999999999997"]}, {"geom": {"polygons": [[[[-23.597420286988996, 1.4201645465051955], [-23.597454712818262, 1.4143690379680054], [-23.610090321775456, 1.4144475069194458], [-23.610075418169963, 1.416851688055577], [-23.610055912662176, 1.4202430156359285], [-23.597420286988996, 1.4201645465051955]]]], "centroids": [[-23.60375515118115, 1.4173060305174887, 0.068253662063402]], "h": 0.21263612731920886}, "mtl": {"face": 0}, "prop": ["150129.000000000000000", "-0.465829266940000", "114154", "46.640000000000001", "4", "43.329999999999998", "3.310000000000000", "Flat", "1987.741999999999962", "9.109999999999999", "0.880000000000000", "281.649999999999977", "43.439999999999998", "63.840000000000003", "50.680000000000000"]}, {"geom": {"polygons": [[[[-23.584550609577953, 1.4075881043179868], [-23.58460000119264, 1.3994043609624844], [-23.59754326733941, 1.399482258149049], [-23.597493899903654, 1.4076660017602036], [-23.584550609577953, 1.4075881043179868]]]], "centroids": [[-23.591046944510424, 1.4035351825712596, 0.07099050164411504]], "h": 0.21670046854852137}, "mtl": {"face": 0}, "prop": ["149560.000000000000000", "-0.465829266940000", "114154", "48.439999999999998", "2", "43.310000000000002", "5.130000000000000", "Flat", "1987.741999999999962", "9.109999999999999", "0.880000000000000", "281.649999999999977", "43.439999999999998", "63.840000000000003", "50.680000000000000"]}, {"geom": {"polygons": [[[[-23.60939030311173, 1.4346374396448094], [-23.572039786889686, 1.4344008180462227], [-23.572009094524777, 1.4387793211816882], [-23.56489907504928, 1.4387376171629283], [-23.56501325051321, 1.4201648648450609], [-23.565037527750953, 1.4158500790450133], [-23.57083157872946, 1.4158864179586803], [-23.57080076034895, 1.4202012167331026], [-23.58447080385087, 1.4202856802171226], [-23.584511402688356, 1.4142911403203884], [-23.584550609577953, 1.4075881043179868], [-23.597493899903654, 1.4076660017602036], [-23.597454712818262, 1.4143690379680054], [-23.597420286988996, 1.4201645465051955], [-23.610055912662176, 1.4202430156359285], [-23.610075418169963, 1.416851688055577], [-23.615712330766804, 1.4168803178969356], [-23.6156928453184, 1.4202796062613505], [-23.61557448809825, 1.4399429997364812], [-23.609361404686535, 1.4399075504529597], [-23.60939030311173, 1.4346374396448094]]]], "centroids": [[-23.590400079882475, 1.4253781843642652, 0.06916918838664904]], "h": 0.22752462729528325}, "mtl": {"face": 0}, "prop": ["149559.000000000000000", "-0.465829266940000", "114154", "53.399999999999999", "2", "43.000000000000000", "10.400000000000000", "Flat", "1987.741999999999962", "9.109999999999999", "0.880000000000000", "281.649999999999977", "43.439999999999998", "63.840000000000003", "50.680000000000000"]}, {"geom": {"polygons": [[[[-23.57083157872946, 1.4158864179586803], [-23.57084137789164, 1.414206677051905], [-23.584511402688356, 1.4142911403203884], [-23.58447080385087, 1.4202856802171226], [-23.57080076034895, 1.4202012167331026], [-23.57083157872946, 1.4158864179586803]]]], "centroids": [[-23.577656481600524, 1.4172462071267995, 0.07023532485937241]], "h": 0.21309154897462237}, "mtl": {"face": 0}, "prop": ["149558.000000000000000", "-0.465829266940000", "114154", "46.840000000000003", "3", "43.380000000000003", "3.460000000000000", "Flat", "1987.741999999999962", "9.109999999999999", "0.880000000000000", "281.649999999999977", "43.439999999999998", "63.840000000000003", "50.680000000000000"]}, {"geom": {"polygons": [[[[-26.11717020538333, 1.3896202146666379], [-26.117191357185167, 1.3979391234509353], [-26.109649440548182, 1.3979584034015904], [-26.10962830306716, 1.3896394945153248], [-26.11717020538333, 1.3896202146666379]]]], "centroids": [[-26.113409826544032, 1.3937893103249825, 0.10353741373860215]], "h": 0.2648726212337508}, "mtl": {"face": 0},